{"Toggles":{"Mob_Aura":false,"AutoFarmBoss":false,"AutoRaid":false,"Auto_Mini_Tusk":false,"Auto_Farm_Observation_Haki":false,"AutoZou":false,"Auto_Fish_Tail":false,"Auto_Dragon_Scale":false,"Bypass_TP":true,"Auto_Conjured_Cocoa":false,"AcceptQuestBoss":false,"Bring_Mob":true,"AutoSharkmanKarate":false,"InfSoru":false,"AutoCastleRaid":false,"FarmMob":false,"Random_Surprise":false,"AutoStats_Gun":false,"AutoStats_Melee":false,"ESP_Fruit":false,"AutoDeathStep":false,"Auto_Meteorite":false,"Auto_Buy_EnchantmentColor":false,"AutoSuperhuman":false,"Auto_Mystic_Drop":false,"ESP_MysticNpcs":false,"Auto_Next_Island":false,"BunnyHop":false,"Auto_CakePrince":false,"Kill_Aura":false,"Auto_HallowScythe":false,"AutoStats_Sword":false,"AutoFarm_Quest_Accept":true,"AutoGodhuman":false,"Auto_Active_Buso":true,"Auto_Demonic_Wisp":false,"Snipe_Fruit":false,"Auto_Mastery":false,"SoruAim":false,"InfDash":false,"AutoRandomFruit":false,"AutoFarmAllBoss":false,"Auto_Yama":false,"Auto_Ectoplasm":false,"AutoDragonTalon":false,"Auto_Leather_Scrap_Metal":false,"Auto_Radioactive":false,"LockLevel_Kick":false,"InfGeppo":false,"AutoElectricClaw":false,"Auto_Tushita":false,"ESPPlayer":false,"Auto_Farm_Observation_Haki_Rejoin":false,"Auto_BuddySword":false,"Auto_Bones":true,"Auto_Canvander":false,"AutoEliteHunter":false,"LockLevel_Close":false,"Auto_Dark_Fragment":false,"Auto_MagmaOre":false,"Auto_Farm":false,"Auto_Gunpowder":false,"Auto_SerpentBow":false,"FOV_Aim":false,"AutoCollectChest":false,"Auto_CursedDualKatana":false,"Auto_RainbowHaki":false,"Mink_Agility":false,"CollectFruit":false,"Auto_SoulGuitar":false,"Click_To_TP":false,"AutoAim":false,"AutoStats_Defense":false,"Ignore_Allies":false,"Auto_Active_Ken":false,"AutocollectToInventory":false,"WalkOnWater":false,"Auto_Observation_V2":false,"AimFSkill":false,"Auto_DarkDagger":false,"InfEnergy":false,"AutoDressrosa":false,"Show_Display_Name":false,"Auto_Vampire_Fang":false,"Auto_Angel_Wing":false,"AutoCitizenQuest":false,"AutoStats_DevilFruit":false,"Ignore_Teammate":false,"AutoAwakening":false},"Options":{"Esp_TeamColor":"1, 1, 1","MasteryFor":"Blox Fruit","Lock_Level":2450,"FOV_Radius":180,"Ken_Farm_Active_Delay":120,"RaidType":false,"SelectBoss":false,"AttackDelay":0.175,"AutoDarkFragmentMode":"While Boss Spawned","SelectMob":false,"Esp_OppositeColor":"1, 1, 1","Esp_FruitColor":"1, 1, 1","SelectWeaponType":"Melee","useSkillAt":30,"SelectFruit":[]}}